Spell Name,Type,Pronunciation,Description,Seen/Mentioned
Aberto (Opening Charm)[],Charm,Ah-bare-toh,A spell used to open doors; it is probably related to Alohamora.[1],N/A
Accio (Summoning Charm)[],N/A,N/A,N/A,N/A
(Age Line)[],Charm,N/A,Prevents people above or below a certain age from access to a target.,"Used by Albus Dumbledore to stop underage students from entering their names into the Goblet of Fire. Also seen when Fred and George Weasley attempted to circumvent it with Ageing Potions, and ended up in the Hospital Wing with fine white beards, along with other students who tried similar tactics.[3]"
Aguamenti (Water-Making Spell)[],N/A,N/A,N/A,N/A
Alarte Ascendare[],N/A,N/A,N/A,N/A
(Albus Dumbledore's forceful spell)[],Spell,N/A,"This spell was, supposedly, quite powerful as when it was cast, the opponent was forced to conjure a silver shield to deflect it.[6]","It was used by Dumbledore in the Ministry of Magic, immediately following the Battle of the Department of Mysteries on 17 June, 1996, while he duelled Voldemort.[6]"
Alohomora (Unlocking Charm)[],Charm,ah-LOH-ho-MOR-ah,"Unlocks doors and other locked objects.[7] It can also unlock doors that have been sealed with a Locking Spell, although it is possible to bewitch doors to become unaffected by this spell.","Used by Hermione Granger in 1991 to allow her and her friends to access the Third-floor corridor at her school, which was at the time forbidden;[7] she used it again two years later to free Sirius's cell in her teacher's prison room.[8]"
Alohomora Duo[],Charm,ah-LOH-ho-MOR-ah DOO-oh,A more powerful version of Alohomora.,N/A
(Altering Spell)[],Transfiguration,N/A,Transformed the physical form or colour of objects.,N/A
Amato Animo Animato Animagus (Animagus Spell)[],Transfiguration,ah-MAH-toh ah-NEE-moh ah-nee-MAH-toh an-a-MAY-jus,"Spell used as part of the process of becoming an Animagus. The incantation has to be recited at sunrise and sundown, every day before the consumption of the Animagus Potion. The incantation is also recited just prior to the consumption of the potion, which has to take place just after a lightning storm starts. The incantation is recited while placing the wand's tip over one's heart.",N/A
Anapneo[],N/A,N/A,N/A,N/A
Anteoculatia[],Dark charm,an-tee-oh-kyoo-LAY-chee-ah,Causes the target to grow antlers.[10],This spell was used to make Pansy Parkinson grow antlers in 1996.[11]
(Anti-Cheating Spell)[],Charm,N/A,Used to prevent cheating.,"These spells were used at Hogwarts School of Witchcraft and Wizardry on writing quills and parchment to prevent students from cheating during their final exams, as well as their O.W.L.s and N.E.W.T.s."
(Anti-Apparition Charm)[],Charm,N/A,Prevents Apparition within range of an area. Often used to keep out unwanted visitors from an area.,Mentioned that no one can Apparate into Hogwarts grounds due to this spell.
(Anti-Disapparition Jinx)[],Jinx,N/A,Prevents Disapparation within an area. It is often used to entrap an enemy in an area.,Used by Albus Dumbledore to trap some Death Eaters in the Department of Mysteries in 1996. Also used on Hogsmeade in 1998 by the Death Eaters to keep the Trio trapped there shortly before the Battle of Hogwarts. Also mentioned that nobody can Disapparate from Hogwarts; it is due to this jinx.
(Anti-intruder jinx)[],Jinx,N/A,Prevents intruders from entering an area. It is probably relatively similar to the Anti-Apparition Charm.,It was placed on Hogwarts School of Witchcraft and Wizardry in 1996 for extra protection during an invasion of Death Eaters.
(Antonin Dolohov's curse)[],Curse,N/A,An unknown curse that causes injuries that are capable of killing with enough power.,"Used by Antonin Dolohov during the Battle of the Department of Mysteries twice; Dolohov was under a Silencing Charm, and thus weakened the effects of this curse, saving Hermione from death, but incapacitated her and required her to take ten potions a day for some time."
Aparecium (Revealing Charm)[],N/A,N/A,N/A,N/A
Appare Vestigium (Tracking Spell)[],Charm,ah-PAR-ay ves-TEE-jee-um,"Reveals traces of magic, including footprints and track marks.",Newton Scamander used it to search for Porpentina Goldstein.
(Apparition)[],Transportation,N/A,Magically teleports the user to another location instantly. The destination is one that the primary user has been to or seen in some fashion previously. Can be used to Apparate two or more people at once if holding onto each other (i.e. Side-Along Apparition). No incantation required.,Used frequently by Wizardkind to teleport from place to place.
Aqua Eructo[],N/A,N/A,N/A,N/A
Arania Exumai[],N/A,N/A,N/A,N/A
Arresto Momentum (Slowing Charm)[],Charm,ah-REST-oh mo-MEN-tum,"Decreases the velocity of a moving target. Can be used on multiple targets, as well as on the caster themselves. It was invented by Daisy Pennifold in 1711 for use on the Quaffle in Quidditch.","Used wandlessly by Dumbledore to save one of his students from a fall in 1993; Hermione Granger used it, to little effect, in 1998 to cushion an otherwise deadly fall during their break-in at Gringotts."
(Arrow-shooting spell)[],Conjuration,N/A,Fires arrows from the caster's wand.,"The spell used to be used by Appleby Arrows supporters at Quidditch matches to show their support for their teams; however, the British and Irish Quidditch League banned the use of the spell at matches when referee Nugent Potts was pierced through the nose with a stray arrow in 1894."
Ascendio[],N/A,N/A,N/A,N/A
(Atmospheric Charm)[],Charm,N/A,Modified or created certain weather conditions.,N/A
Avada Kedavra (Killing Curse)[],Curse,ah-VAH-dah keh-DAV-rah,"Causes instantaneous and painless death, leaving no physical injury to the victim's body or any trace of violence. It is accompanied by a bright flash or long stream of green light and a distinctive rushing noise while cast. There is no known counter-curse that can protect the victim from dying, except for a loving sacrifice. It is one of the three Unforgivable Curses.[13]","Used by Tom Riddle to murder many of his victims without any regret or remorse. Also Harry Potter was saved from this spell a number of times: by his mother's loving sacrifice, because he was an accidental Horcrux, because his wand and his enemy's were made of the same core, and because the Elder Wand refused to kill its true master (Harry Potter) during Voldemort's Last Stand."
Avifors (Avifors Spell)[],Transfiguration,AH-vi-fors,Transforms the target into a bird.,Taught in Transfiguration class.
Avenseguim[],Charm,ah-ven-SEH-gwim,Turns an object into a tracking device.,"In 1927, Newton Scamander used this spell to track the origins of a feather - a clue found during his search for Porpentina Goldstein - back to Yusuf Kama, whose hat the feather came from."
Avis (Bird-Conjuring Charm)[],"Conjuration, Charm",AH-viss,"Conjures a flock of birds from the tip of the wand. When used in conjunction with Oppugno, it can be used offensively.",Used in 1994 by Mr Ollivander to test Viktor Krum's wand. Also employed offensively by Hermione Granger against Ron Weasley.
(Babbling Curse)[],Curse,N/A,Causes uncontrollable babbling.,"Although he was rather untrustworthy, it may not have occurred at all, but Gilderoy Lockhart says he cured a Transylvanian farmer of this affliction.[14]"
(Badgering)[],Transfiguration,N/A,Turns things into badgers[15],N/A
(Basic Cast)[],Spell,N/A,Causes damage or harm to targets.,N/A
(Bat-Bogey Hex)[],Hex,N/A,Transforms the target's bogeys into large bats that fly out of the victim's nose. It was invented by Miranda Goshawk.[16],"Ginny Weasley was a noted practitioner of this spell, having used it at least thrice by her sixth year.[17]"
Baubillious[],Charm[15],baw-BILL-ee-us,"The exact effects of the spell are unknown, though it presumably is of damaging nature and it produces a bolt of white light from the tip of the wand.[15]",N/A
(Bedazzling Hex)[],Hex,N/A,Allows the caster to disguise things.,"When Xenophilius Lovegood explains the concept of how the Cloak of Invisibility is the only thing that can make a person truly invisible, he mentions that most cloaks of that kind are made with this spell.[18]"
(Bewitched Snowballs)[],Charm,N/A,Causes snowballs to pelt themselves at the target.,"Twice used by Fred and George Weasley; firstly on Professor Quirrell's head, unwittingly striking Lord Voldemort in the face,[19] and then again four years later to attack the windows of Gryffindor Tower.[20]"
(Bluebell Flames)[],Charm,N/A,"Produces magical blue flames that can be held in a jar. Not as dangerous as real fire, these magical flames can be touched, penetrated and held without it burning the holder, though it is known to singe materials such as clothing and plants.[21]",This spell was a specialty of Hermione Granger's. She used it to defeat Devil's Snare in the Underground Chambers in 1992.[21]
(Blue sparks)[],Charm,N/A,Jet of blue sparks. It can be used offensively as a minor duelling spell.,"Following the American National Quidditch team's win at the semi-finals of the 2014 Quidditch World Cup against Liechenstein, red, white and blue sparks filled the air so thickly it was difficult to see or breathe."
Bombarda (Bombardment Spell)[],Charm,bom-BAR-dah,Causes a small explosion.,Taught in fourth year Charms class.
Bombarda Maxima[],Charm,BOM-bar-dah MAX-ih-mah,Creates a large explosion capable of removing entire walls. A more advanced and more powerful form of the Bombardment Spell.,N/A
Brackium Emendo[],"Charm, Healing Spell",BRA-key-um ee-MEN-doh,"If used correctly, it is claimed that this spell will heal broken bones; this theory is supported by the etymology.","Used unsuccessfully by Gilderoy Lockhart on Harry Potter in 1992 after the latter's arm was broken by a Bludger; it vanished all the bones, making it resemble rubber, though the pain in Harry's arm was entirely gone."
(Braking Charm)[],Charm,N/A,Helped broomsticks stop.,N/A
(Bravery Charm)[],Charm,N/A,"Increases the bravery of a teammate, increasing their performance against certain foes.","Taught by Head of the Auror Office, Harry Potter, to members of the Statute of Secrecy Task Force, to help them address the results of the Calamity in the 2010s."
(Bridge-conjuring spell)[],Charm,N/A,Conjures a bridge from thin air.,"This spell was used by, Antioch, and Cadmus, and Ignotus Peverell in The Tale of the Three Brothers to create a bridge over a treacherous river, a bridge upon which they met Death.[18][22]"
(Broom jinx)[],Jinx,N/A,Used to make broomsticks try to throw their riders off through a variety of means such as sudden lurches and violent swishing movements. Constant eye contact is needed for the jinx to keep working.[23],It was used by Quirinus Quirrell against Harry Potter in 1991.[24]
(Bubble-Head Charm)[],Charm,N/A,Produces a large bubble of air around the head of the user; it is commonly used as the supernatural equivalent of a breathing set.[25],"Used by Cedric Diggory and Fleur Delacour in 1995;[25] it was used the next year by many students walking through the halls, because of horrid odours made by various pranks played on Dolores Umbridge.[11]"
(Bubble Spell)[],Charm,N/A,Produces a stream of non-bursting bubbles from the wand tip.,Used by Professor Flitwick to decorate some Christmas trees;[19] the bubbles in this instance were golden. Used the following year by Ron Weasley when he broke his wand; these bubbles were purple.
Calvorio (Hair Loss Curse)[],Curse,cal-VOR-ee-oh,Removes the victim's hair.,The book Curses and Counter-Curses by Vindictus Viridian mentions this curse.[26]
Cantis[],Charm,CAN-tiss,Causes the victim to burst uncontrollably into song.,Used by the Hogwarts professors to enchant suits of armour.[27]
Capacious extremis (Extension Charm)[],Charm,ca-PAY-shus ex-TREEM-us,"Expands the internal dimensions of an object without affecting the external dimensions, enhancing its capacity, and rendering its contents lighter.","Newton Scamander used this spell to expand his suitcase so he could fit through and access the inside. Arthur Weasley used this spell to allow eight people, six large trunks, two owls, and a rat to fit comfortably inside his modified Ford Anglia in 1992. Also on the tent in which the Weasleys, Harry and Hermione stay during the 1994 Quidditch World Cup; the tent is also used by Harry, Ron and Hermione as shelter in 1997. Also, Hermione cast this spell upon her handbag in the same year."
Carpe Retractum (Seize and Pull Charm)[],Charm,CAR-pay ruh-TRACK-tum,"Produces a rope of light used to pull objects towards the caster, or, if the target is fixed in place, to pull the caster towards the target.",Taught in third year Charms class.
(Cascading Jinx)[],Jinx,N/A,Attacks multiple opponents in close proximity to each other.,N/A
(Caterwauling Charm)[],Charm,N/A,Anyone entering the perimeter of this spell sets off a high-pitched shriek. This spell may be related to the Intruder Charm.,This spell was cast by the Death Eaters over Hogsmeade Wizarding Village to protect against intruders in 1998.
(Cauldron to Sieve)[],Transfiguration,N/A,Transforms cauldrons into sieves.,N/A
(Cauldron to badger)[],Transfiguration,N/A,Transforms cauldrons into badgers.,N/A
Cave inimicum[],Charm,CAH-vay uh-NIM-i-kuhm,Produces a boundary that keeps the caster hidden from others.,Used multiple times by Hermione Granger in 1997 and 1998 to protect the tent she shared with Ron Weasley and Harry Potter.
Celescere (Greenhouse Charm)[],Charm,N/A,Causes plants within a greenhouse to grow at an accelerated rate. It was created by combining elements of the Herbivicus Charm and Gemino Curse.,N/A
(Cheering Charm)[],Charm,N/A,Makes the target feel happy. Overuse of the spell may cause the target to break into an uncontrollable laughing fit. This spell was invented by Felix Summerbee.,"Taught to third-year charms classes, part of the written O.W.L."
Circumrota[],Charm,SIR-cum-roh-tuh,Rotates objects.,"This spell was used by Leta Lestrange to rotate a record tower in the Records Room at the Headquarters of the French Ministry of Magic, revealing Newton Scamander and Porpentina Goldstein to be hiding behind the tower."
(Cleaning Charm)[],Charm,N/A,Cleans objects.,N/A
Cistem Aperio (Box Blasting Charm)[],Charm,SIS-tem uh-PE-ree-o,Opens chests and boxes.,This spell was taught in fourth year Charms class at Hogwarts.
Colloportus (Locking Spell)[],Charm,cul-loh-POR-tus,Locks doors and all things that can be locked. It is the counter-charm to the Unlocking Spell.,Used by Hermione Granger in 1996 in an attempt to prevent the Death Eaters that were following her from catching up.
Colloshoo (Stickfast Hex)[],Hex,CAWL-low-shoo,Sticks the target's shoes to the ground.,"This spell is mentioned twice, once as having been used on Severus Snape during a potions class, the other when one reads Curses and Counter-Curses by Vindictus Viridian."
Colovaria (Colour Change Charm)[],Charm,co-loh-VA-riah,Changes the target's colour.,Used by fifth-years in their OWLs.
(Combat Bolt)[],N/A,N/A,Projects a bolt of energy.,Used by members of the Statute of Secrecy Task Force against various foes.
(Concealment Charm)[],Charm,N/A,Concealed things from view and obfuscates inherent magical properties of objects.,N/A
Confringo (Blasting Curse)[],Curse,kon-FRING-goh,Produces a fiery explosion.,Used by Harry Potter to destroy the side-car of a motorbike in which he was riding during a battle against some Death Eaters in 1997. Also used later by Hermione Granger in an attempt to kill Nagini and facilitate an escape from Godric's Hollow.
Confundo (Confundus Charm)[],Charm,con-FUN-doh,Causes the victim to become confused and befuddled.,"In 1994, Severus Snape asserted that Harry, Ron and Hermione had this charm cast on them so that they would believe Sirius Black's claim of innocence; used two years later by Hermione to allow Ron to join the Gryffindor Quidditch team. It was used multiple times in 1997 and 1998."
(Confusion Hex)[],Hex,N/A,Significantly impairs foes by weakening their mental awareness.,N/A
(Conjunctivitis Curse)[],Curse,N/A,"Causes irritation in the eyes, forcing them to swell shut. The Oculus Potion is able to counteract this curse. Dragons are particularly susceptible to this curse, as their hide makes them resistant to most spells, while their eyes remain vulnerable.",It was suggested by Sirius Black in his letter to Harry for him to use this spell on a dragon. Olympe Maxime used this spell on some giants in 1995.
(Cornflake skin spell)[],N/A,N/A,This spell causes the victim's skin to appear as though it was coated in cornflakes.,"In 1996, an unnamed student went to the hospital for treatment after he was hit with it, which was done in retaliation for the Inquisitorial Squad's recent behaviour."
(Cracker Jinx)[],Jinx,N/A,"This spell is used to conjure exploding wizard crackers; it can be used in duelling to harm the opponent, but the force of the explosion may also affect the caster.",N/A
(Cribbing Spell)[],Spell,N/A,"This spell, which may possibly be a charm, is used to assist the caster in cheating on written papers, tests, and exams. It is possible that these spells can negate anti-cheating spells.","In 1991, an unnamed Slytherin student asked his fellow students whether any of them knew any good cribbing spells."
Crinus Muto[],Transfiguration,N/A,Used to transfigure the colour and style of one's hair.[10],This maybe be the spell that caused Harry to turn his eyebrow yellow in 1996. Harry may have used this spell to turn his teacher's hair blue.
Crucio (Cruciatus Curse)[],Curse,KROO-see-oh,"Inflicts intense, excruciating physical pain on the recipient of the curse, and will result in insanity if exposed to it for too long. The pain is described as worse than having ""white-hot knives"" being driven into the victim. It cannot be performed successfully by a person who is doing so out of pure spite or anger; one must feel a true, deep desire to cause the victim pain and take great pleasure in their suffering. If one casts this spell on another fellow human being or living creature, he or she will receive a life sentence in Azkaban prison for it, as with the other two Unforgivable Curses.[13]","Infamously used by Death Eaters Bellatrix Lestrange, Rabastan Lestrange, Rodolphus Lestrange and Bartemius Crouch Junior to torture the Aurors Frank and Alice Longbottom into insanity.[28]"
Defodio (Gouging Spell)[],Charm,deh-FOH-dee-oh,Allows the caster to dig and carve through the target.,"Used by The Trio to escape from Gringotts in 1998 while riding a dragon. It was later used by Harry to write the epitaph for Dobby, who had been killed."
Deletrius (Eradication Spell)[],Charm,deh-LEE-tree-us,"Counter-charm to the Reverse Spell, vanishing the image of the last spell cast. It may also disintegrate other certain images.",This spell was only ever seen in 1994 when Amos Diggory used Prior Incantato to detect that Winky had cast Morsmordre using Harry Potter's wand.[29]
Densaugeo[],Hex,den-SAW-jee-oh,This hex causes the victim's teeth to grow rapidly.[30],"Introduced in 1994, when Draco Malfoy's spell struck Hermione Granger; her teeth were past her collar before she was forced to run to the hospital to get them shrunk.[30]"
Deprimo[],Charm,deh-PREEM-oh,Charm used to blast holes in the ground.,Hermione Granger blasted a hole through the living room floor of Xenophilius Lovegood's house in 1998 using this spell.[18]
Depulso (Banishing Charm)[],Charm,deh-PUL-soh,Sends the target away from the caster. It is the counter-charm to the Summoning Charm.,"Although it is learnt in the fourth-year charms class at Hogwarts, it is used multiple times in 1993, as well as in 1995."
Descendo[],Charm,deh-SEN-doh,Causes object to fall or move downwards.[31],"In 1997, it was used by Ron to magically cause the stairs in his bedroom, which lead to his family's attic, to descend; later that year, Crabbe used it in an attempt to cause a wall of rubbish behind which Ron was hiding to fall on him.[31]"
(Desk Into Pig)[],Transfiguration,N/A,Turns desks into pigs.,"Professor McGonagall used this spell as a demonstration for her class of first years in 1991, then changed the pig back into a desk.[32]"
(Deterioration Hex)[],Hex,N/A,Impairs foes and reduces their stamina.,Minerva McGonagall taught members of the Statute of Secrecy Task Force this hex to help them address the results of the Calamity in the 2010s.
Diffindo (Severing Charm)[],Charm,dih-FIN-doh,Used to precisely cut or tear objects.,"Used twice in 1994, the first time being by Harry Potter to cut Cedric Diggory's bag in order to talk to the latter,[2] and the second time being by Ron Weasley to cut the lace from the cuffs of his dress robes in an attempt to make them seem less feminine. The spell was used a third time by Harry to swap the covers of his second-hand and brand-new copies of Advanced Potion-Making."
Diminuendo[],Charm,dim-in-YEW-en-DOUGH,Forces the target to shrink.,"Performed by Nigel Wolpert in 1995, during a Dumbledore's Army meeting."
Disintegration spell[],Dark charm,N/A,"Like the Killing curse, it kills (or freezes) the victim. It turns the body grey/blue (or paler) while it turns to stone and then another twin spell can blast the body into pieces.",N/A
Dissendium[],Charm,dih-SEN-dee-um,Used to open passages.,"Used multiple times in 1993 to open the statue of Gunhilda of Gorsemoor, then again four years later in a failed attempt to open Salazar Slytherin's Locket."
(Disillusionment Charm)[],Charm,N/A,"Causes the target to blend seamlessly in with its surroundings, like a chameleon.",Used by Alastor Moody to disguise Harry Potter in 1995.
Draconifors (Draconifors Spell)[],Transfiguration,drah-KOH-nih-fors,Transforms the target into a dragon.,Taught in third year Transfiguration class.
(Drought Charm)[],Charm,N/A,Causes puddles and ponds to dry up. Though not powerful enough to drain a body of water like a lake,Mentioned by Ronald Weasley in 1994 when Harry was getting ready for the Second Task of The Triwizard Tournament.
Ducklifors[],"Transfiguration, Jinx",DUCK-lih-fors,Transforms the target into a duck.[10],N/A
Duro (Hardening Charm)[],Charm,DYOO-roh,Turns an object to stone.,Used by Hermione Granger in 1998 while escaping from Death Eaters in the Battle of Hogwarts.[33]
(Ears to kumquats spell)[],Transfiguration,N/A,This spell transforms the victim's ears into kumquats.,"In 1995, Luna Lovegood read The Quibbler upside down in order to reveal the secret spell, written in Ancient Runes.[34]"
(Ear-shrivelling Curse)[],Curse,N/A,Causes the target's ears to shrivel up.,"Sometime between 1989 and 1994, Bill Weasley's pen-friend sent him a hat with this curse on it."
Ebublio (Ebublio Jinx)[],Jinx,ee-BUB-lee-oh,Causes the victim to be trapped in a large bubble.,Used often by members of the Statute of Secrecy Task Force.[35]
Engorgio (Engorgement Charm)[],Charm,en-GOR-jee-oh,Causes the target to swell in physical size. Its counter-charm is the Shrinking Charm.,"Rubeus Hagrid used this spell on his pumpkins in 1992; two years later, Barty Crouch Jnr cast this spell on a spider to make it easier for students to see when he cast a curse on it. Used on another spider three years later to test a new wand."
Engorgio Skullus[],Dark charm,in-GORE-jee-oh SKUH-las,"Causes the victim's skull to swell disproportionately.[10] This spell may be a variation of the Engorgement Charm, as they share the first word of the incantation. Its countercurse is Redactum Skullus.",N/A
Entomorphis (Insect Jinx)[],"Jinx, Transfiguration",en-TOE-morph-is,This jinx is used to transform the target into an insectoid for a short time.[10],"Harry Potter contemplated using this jinx against Dudley Dursley in 1995, though he decided against it."
(Entrail-Expelling Curse)[],Curse,N/A,Expels victim's entrails. Precise effects unknown. Invented by Urquhart Rackharrow.,"When Harry Potter visited St Mungo's Hospital for Magical Maladies and Injuries in December 1995, he saw the portrait of Urquhart Rackharrow, which mentioned his invention of this curse.[36]"
Episkey[],Healing Spell,ee-PIS-key,"Used to heal relatively minor injuries, such as broken bones and cartilage.","In 1996, Nymphadora Tonks used this spell to fix Harry's broken nose after Draco Malfoy broke it on the Hogwarts Express,[37] Harry, in turn, used it to heal Demelza Robins' swollen lip after Ron punched her during Quidditch practice.[38]"
Epoximise[],Transfiguration,ee-POX-i-mise,"Adheres one object to another, as if they had been glued together.","This spell is often used by students to adhere each other's belongings to their desks (or, unfortunately, their hands)."
Erecto[],Charm,eh-RECK-toh,Used to erect a tent or other upright structure.,"Used by Hermione Granger to construct a shelter for her, Harry Potter, and Ronald Weasley in 1997."
Evanesce[],Transfiguration,ev-an-ES-key,Vanishes the target,N/A
Evanesco (Vanishing Spell)[],Transfiguration,ev-an-ES-koh,"Vanishes the target. Vanished things go ""into non-being, which is to say, everything.""",Used by William Weasley to vanish a bundle of old scrolls whilst cleaning 12 Grimmauld Place in 1995.[39]
Everte Statum[],Spell,ee-VER-tay STAH-tum,"Throws the victim backward, similarly to being thrown.",Draco Malfoy used this spell on Harry Potter in 1992 during the Duelling Club.[40]
Expecto Patronum (Patronus Charm)[],Charm,ecks-PECK-toh pah-TROH-numb,"This charm is a highly powerful and advanced protective spell which will conjure a spirit guardian of their positive emotions to defend against dark creatures; it can also send messages to other witches or wizards. The Patronus takes the form of an animal, unique to each person who casts it. The form of a Patronus can change when one has undergone a period of heightened emotion.",Taught to Harry Potter by Remus Lupin during his Anti-Dementor lessons;[41] Harry later taught Dumbledore's Army this charm.[42] This is the only known spell effective against Dementors or Lethifolds.
Expelliarmus (Disarming Charm)[],Charm,ex-PELL-ee-ARE-muss,Forces whatever an opponent is holding to fly out of their hand. It was considered to be Harry Potter's signature spell.[44],Used by Severus Snape on Gilderoy Lockhart during a live duelling demonstration during the first and last meeting of the Duelling Club in 1992.[40]
Expulso (Expulso Curse)[],Curse,ecks-PUHL-soh,"Provokes an explosion, unique in that it uses pressure to do so as opposed to heat.",Used by Antonin Dolohov during a fight in a cafe in 1997.[45]
(Extinguishing Spell)[],Charm,N/A,Puts out fires.,Charlie Weasley and his friends would use this spell should something go wrong in the tournament.[46]
(False memory spell)[],Charm,N/A,Implants a false memory in the victim without them realising it was not originally theirs.,"Lord Voldemort used this spell twice; firstly in 1943 upon his uncle Morfin Gaunt, then sometime later on the house-elf Hokey. Both instances were to hide his crimes and make the victims believe they were responsible. It is likely that Kingsley Shacklebolt used this spell on Marietta Edgecombe in 1996 in order to prevent her from revealing Dumbledore's Army to Cornelius Fudge. This is reinforced by Dumbledore stating that Shacklebolt was ""remarkably quick on the uptake"" in modifying her memory. It is possible that Professor Horace Slughorn used this in the next school year to hide his memory of Voldemort asking him about Horcruxes, although as he retained awareness of the true memory his spell may be a different one. It is also possible that he simply repressed it to such a degree that it could not be extracted from him against his will, as the memory he gave Dumbledore simple went blank at the right times and was replaced by a disembodied shouting, rather than images; this was noted to be crudely done. Hermione Granger used this in 1997 to make her parents believe they were named Wendell and Monica Wilkins respectively, that they have no daughter, and to make them move to Australia in order to protect them from Voldemort and his Death Eaters."
(Feather-light charm)[],Charm,N/A,Makes an object light as a feather.,"Harry Potter contemplated using this in 1993 to lighten his trunk so that he could carry it by broom to Gringotts, though he decided against it."
(Ferret to human)[],Transfiguration,N/A,Transforms a ferret into a human.,It was used by Minerva McGonagall on Draco Malfoy in 1994.
Ferula (Bandaging Charm)[],"Conjuration, Healing spell",fer-ROOL-lah,"Conjures up bandages and wraps them around a wound, splinting any broken bones.",Used by Remus Lupin in 1994 to bind Ronald Weasley's broken leg.
Fianto Duri[],Charm,fee-AN-toh DOO-ree,"A defensive charm which, based on the etymology, strengthens shield spells, and perhaps objects in general, in a similar way to Duro.",Used to protect Hogwarts School of Witchcraft and Wizardry in 1998.
(Fidelius Charm)[],Charm,N/A,"An immensely complex charm used to hide secret information within the soul of the charm's recipient, who is called a Secret-Keeper. The information is irretrievable unless the Secret-Keeper willingly chooses to reveal it, and only the aforementioned person can do so.","In 1993, it was explained that when Harry was merely an infant, he and his parents were hidden from Voldemort with this charm; from 1995 onward it was used to protect Grimmauld Place, and in 1998 it was used to protect Shell Cottage."
(Fiendfyre)[],Curse,N/A,"Unleashes cursed fire that takes the shape of animals that actively seek out living targets and burn anything in its path, including nearly indestructible substances such as Horcruxes. In addition, this fire is made even more dangerous due to the fact that it is extremely difficult to control, and cannot be extinguished with normal or enchanted water.[31]","Though there are numerous instances when it may have been used, it was only proven to have been used in 1998 by Vincent Crabbe, who was killed by it.[31]"
Finestra (Finestra spell)[],Charm,fi-NESS-tra,Shatters glass.,"On 6 December 1926, Newt Scamander shattered the front window of the Voclain & Co. jewellery store in New York using this spell to try and recapture his escaped niffler when he saw it loose inside the store stealing things."
Finite Incantatem (General Counter-Spell)[],Counter-Spell,fi-NEE-tay in-can-TAH-tem,Terminates all spell effects in the vicinity of the caster.,"Severus Snape used this to restore order to the Duelling Club in 1992, after the event had descended into utter chaos.[40]"
(Finger-removing jinx)[],Jinx,N/A,Removes a person's fingers.,Gunhilda Kneen jinxed her husband with this spell.
(Firestorm)[],Charm,N/A,Produces a ring of fire from the wand.,Albus Dumbledore used this spell to rescue Harry from Inferi in 1997.
(Flagrante Curse)[],Curse,flah-GRAHN-tay,Causes objects to burn on contact.,The Lestrange Vault had this curse on it.
Flagrate[],Charm,flah-GRAH-tay,Writes in midair with firey marks.,Tom Riddle used this spell to write his name; Hermione Granger used it three years later to mark some doors.
(Flame-Freezing Charm)[],Charm,N/A,Causes fire to tickle those caught in it instead of burning them.,Third year students wrote an essay on the use of this charm in medieval witch-burnings; Wendelin the Weird was burned forty-seven times.
(Flask-conjuring spell)[],Conjuration,N/A,Conjures a glass flask,"On 1 May, 1998, Hermione Granger used this spell to collect the memories of a dying Severus Snape."
Flintifors[],Transfiguration,FLINT-i-fors,Transforms objects into matchboxes.,"In the 1980s, this spell was covered in third year transfiguration classes."
Flipendo (Knockback Jinx)[],Jinx,fli-PEN-doh,Knocks objects and creatures backwards.,Taught in first year Defence Against the Dark Arts and Charms class.
Flipendo Duo (Knockback Jinx Duo)[],Jinx,flih-PEN-doh DOO-oh,A more powerful version of Flipendo.,N/A
Flipendo Maxima'[],Jinx,N/A,"A more powerful version of the Knockback Jinx, which threw the target back at a much greater force.","Invented by Badeea Ali in the 1989â€“1990 school year, who taught it to fellow sixth year students."
Flipendo Tria[],Jinx,flih-PEN-doh TREE-ah,A more powerful version of Flipendo Duo; it is said to resemble a miniature tornado.,N/A
(Flying charm)[],Charm,N/A,This spell is cast on broomsticks and flying carpets to allow them to fly.,"Draco Malfoy mentioned this spell when insulting Ron Weasley's broomstick, wondering why anyone would charm it."
(Foundables Spell)[],N/A,N/A,Unleashed the Calamity upon the Wizarding world; created foundables.,N/A
Fracto Strata[],Spell,Fracto Strata (Pronunciation Unknown),zap-type spell which can break weak objects into pieces.,This is the main offensive spell used in the LEGO Harry Potter: Years 1-4 and LEGO Harry Potter: Years 5-7 games.
Fumos (Smokescreen Spell)[],Charm,FYOO-moss,Defensive smokescreen that hinders visibility.,This spell is covered in The Dark Forces: A Guide to Self-Protection.
Fumos Duo[],Charm,N/A,A more powerful version of Fumos.,N/A
Furnunculus (Pimple Jinx)[],Jinx,fer-NUN-kyoo-luss,Covers the target in boils (or pimples).[30],Used by Harry Potter on Gregory Goyle.[30]
(Fur spell)[],Charm,N/A,Causes fur to grow on the victim.,Fred and George Weasley used this spell on each other.
Geminio (Doubling Charm)[],Charm,jeh-MIH-nee-oh,"Duplicates the target. When used to duplicate objects indefinitely on purpose, is known as the Gemino Curse.",Used by Hermione Granger on Salazar Slytherin's Locket to disguise her presence from Dolores Umbridge. Also used in the Lestrange family vault to keep the trio from stealing the horcrux.
Glacius (Freezing Spell)[],Charm,GLAY-see-us,Freezes the target with icy-cold air.,N/A
Glacius Duo[],Charm,GLAY-see-us DOO-oh,A more powerful version of Glacius.,N/A
Glacius Tria[],Charm,GLAY-see-us TREE-ah,A more powerful version of Glacius Duo.,N/A
Glisseo (Sliding Spell)[],Charm,GLISS-ee-oh,Causes the steps on a stairway to flatten into a slide.,Used by Hermione Granger to escape from Death Eaters.
(Green Sparks)[],N/A,N/A,Jet of green sparks that can be used to signal an emergency or as a minor duelling spell.,"Taught in Defence Against the Dark Arts; When Hagrid, Harry and Hermione try to find an injured unicorn, Hagrid says that if it is found, they must send up green sparks."
(Gripping Charm)[],Charm,N/A,Helps someone grip something more effectively.,Used on Quaffles to help Chasers carry them.
(Growth Charm)[],Charm,N/A,Increased size.,N/A
(Gusts)[],Dark spell,N/A,Created gusts of wind.,N/A
(Gytrash-conjuring spell)[],"Conjuration, Dark Arts",N/A,"Conjures luminous green Gytrashes from the wand, which can be commanded by the caster to attack an opponent.",N/A
(Hair-thickening Charm)[],Charm,N/A,Thickens the victim's hair.,"Severus Snape claimed Alicia Spinnet used this spell on her eyebrows, where as in reality she was jinxed by Miles Bletchley."
Harmonia Nectere Passus[],Charm,har-MOH-nee-a NECK-teh-ray PASS-us,Repairs a Vanishing Cabinet.,Used by Draco Malfoy to mend a cabinet in 1996.
Herbifors[],Transfiguration,N/A,This spell causes flowers to sprout from the victim.,N/A
Herbivicus (Herbivicus Charm)[],Charm,her-BIV-i-cuss,Rapidly grows plants.,Taught by Professor Pomona Sprout in Herbology classes.
(Hermione Granger's jinx)[],Jinx,N/A,"Causes a traitor to break out in boils spelling ""SNEAK"" on their forehead.","Hermione Granger designed and placed this jinx on the parchment signed by all members of Dumbledore's Army. When Marietta Edgecombe betrayed the D.A. to Dolores Umbridge, the jinx was triggered."
(Homing spell)[],N/A,N/A,Offensive spells that follow their target with a constant speed after being cast.,N/A
Homenum Revelio (Human-Presence-Revealing Spell)[],Charm,HOM-eh-num reh-VEH-lee-oh,Reveals human presence in the vicinity of the caster.,Used multiple times by various people in 1997.
(Homonculous Charm)[],Charm,N/A,"Tracks the movements of human beings. The charm has a powerful effect in that it is not fooled by various methods of concealment and disguise, such as Invisibility Cloaks, the Polyjuice Potion or transformed Animagi.","This charm was used on Marauder's Map by James Potter, Sirius Black, Remus Lupin, and Peter Pettigrew after charting the grounds and halls of Hogwarts Castle in order to track the movements of everyone within the castle grounds."
(Homorphus Charm)[],Charm,N/A,Causes a Werewolf to revert back to human shape.[14],"According to Lockhart, he used it to force the Wagga Wagga Werewolf to take its human form.[14]"
(Horn Tongue Hex)[],Hex,N/A,Transforms the target's tongue into a horn.,"Harry Potter came across it while perusing the index of Basic Hexes for the Busy and Vexed in search of a way to overcome the dragon he knew he would have to face in the First Task of the Triwizard Tournament. He quickly ruled it out, however, realising it would only give the dragon yet another way to attack him.[2]"
(Horton-Keitch Braking Charm)[],Charm,N/A,Charm patented by Basil Horton and Randolph Keitch that allows for broom-riders to stop more precisely. This spell was first used on the Comet 140 to prevent players from overshooting the goal posts and from flying off-sides.,Enchanted on all Comet 140 broomsticks.
(Horcrux-making spell)[],Dark Arts,N/A,"This spell allows a part of a wizard's soul to pass into an object, thereby making the object a Horcrux. One has to commit murder and take advantage of the soul's ""splitting apart"" by this supreme act of evil in order to be able to perform this spell, and it is probably very complex. In 1943, Horace Slughorn described the spell to a young Tom Riddle as encasing a portion of the torn soul and placing it within an object. The spell itself is described in detail in a banned book known as ""Secret of the Darkest Art"", which Hermione Granger summoned from Albus Dumbledore's office near the end of their sixth year. According to the text, use of this spell to separate the soul will make the remaining portion of the soul very fragile, and can only be reversed by ""remorse"" of the wrongs the creator had made; however, the pain caused by attempting to reverse the creation of a Horcrux can destroy the individual.",Used by Lord Voldemort while creating his Horcruxes.
(Hot Air Charm)[],Charm,N/A,Conjures a stream of hot air,Used by Hermione Granger in 1995 to dry off her robes. Also used shortly after to melt snow. Also was used by Albus Dumbledore in 1997 to dry Harry's and his own robes.
(Hour-Reversal Charm)[],Charm,N/A,Reverses small amounts of time (up to five hours).,"Used to create Time-Turners, as mentioned by Professor Saul Croaker; this charm is highly unstable.[49]"
(Hover Charm)[],Charm,N/A,Used to make the target hover. It is one of the many lesser variations of the Levitation Charm.,Used by Dobby to demolish a pudding.[50]
(Hurling Hex)[],Hex,N/A,Causes brooms to vibrate violently in the air and try to buck their rider off.,Professor Flitwick suggested that Harry's confiscated Firebolt may be jinxed with this spell.[41]
(Ice Jinx)[],Jinx,N/A,Generated a small block of ice.,N/A
Illegibilus[],Charm,i-LEDJ-i-bull-is,Makes writing impossible to read.,N/A
Immobulus (Freezing Charm)[],Charm,ih-MOH-byoo-luhs,Immobilises and stops the actions of the target. It works both on living and inanimate things.,Hermione used it 1992 to freeze two Cornish Pixies.[51] Horace Slughorn used Freezing Charms to disable a Muggle Burglar Alarm.[52]
Impedimenta (Impediment Jinx)[],Jinx,im-ped-ih-MEN-tah,Slows down or stops the target.,"Used in 1995 when Harry was practising for the Third Task of the Triwizard Tournament. In 1996, Harry saw in a memory that James Potter used it on Severus Snape. Also used in 1997 by Harry against the Inferi and Snape. Stronger uses of this spell seem capable of blowing targets away."
Imperio (Imperius Curse)[],Curse,im-PEER-ee-oh,"Places the victim completely under the caster's control. The victim is put into a calm, trance-like state, and becomes unquestionably obedient to the commands of the caster. However, those who are strong-willed may learn to resist it. One of the three ""Unforgivable Curses,"" the use of this curse on another human results in capital punishment or life sentence in Azkaban.[13]","Used on many occasions. First seen in 1994 when Barty Crouch Jnr, impersonating ex-Auror Alastor Moody, used it on a spider and later on students during a ""class demonstration"" in a Defence Against the Dark Arts class. While breaking into Gringotts in 1998, Harry used it on a goblin and a Death Eater when they became suspicious."
(Imperturbable Charm)[],Charm,N/A,"Creates an invisible magical barrier on an object, such as a door. This barrier bounces objects off of it, and muffles sounds.","It used by Molly Weasley in the same year on the door of the room in which an Order of the Phoenix meeting was being held, in order to prevent her sons, Fred and George, from eavesdropping.[53]"
Impervius (Impervius Charm)[],Charm,im-PUR-vee-us,Makes an object repel water and mist.,"Used by Hermione Granger in 1993 on Harry's glasses while in a Quidditch match and also by the Gryffindor Quidditch team. Also used in 1997, first by Ron to protect objects in Yaxley's office from rain, and then by Hermione to protect Harry, Ron and Griphook from the burning treasure in the Lestranges' vault."
Inanimatus Conjurus (Inanimatus Conjurus Spell)[],Transfiguration,in-an-ih-MAH-tus CON-jur-us,"It is a spell of unknown effect, most likely used to conjure an inanimate object.",Mentioned briefly in 1995.
Incarcerous (Incarcerous Spell)[],Conjuration,in-KAR-ser-us,Ties up the target with ropes conjured from thin air.,"Used 1996, when Dolores Umbridge tries to hold off Centaurs. Also used by Harry on the Inferi in Voldemort's Crystal Cave in 1997 and also attempted to use it on Severus Snape in the same year."
Incendio (Fire-Making Spell)[],"Charm, Conjuration",in-SEN-dee-oh,Produces fire.,It was used in 1994 by Arthur Weasley to create a fire in the Dursleys' hearth so that he could use Floo Powder there.[54]
Incendio Duo[],Charm,in-SEN-dee-oh DOO-oh,A stronger version of Incendio.,N/A
Incendio Tria[],Charm,in-SEN-dee-oh TREE-ah,An improvement over both Incendio and Incendio Duo.,N/A
Inflamare (Ignition Spell)[],Conjuration,,Lights a target using a small fireball.,N/A
Inflatus (Inflating Charm)[],Jinx,in-FLAY-tus,"Inflates the target, filling it with air.",N/A
Informous (Informous Spell)[],Charm,in-FOR-m-es,Informous is a spell that is used to complete one's Folio Bruti. A page with a brief description (including weaknesses and strengths) of the charmed creature is added to the caster's Folio Bruti.,N/A
(Instant scalping hex)[],Hex,N/A,Instantly scalps all the hair off of a target.,"Harry Potter came across it while browsing the index of Basic Hexes for the Busy and Vexed, trying to find a way to fight the dragon he knew he would have to face for the First Task of the Triwizard Tournament. He quickly decided it would be ineffective, because dragons do not have hair."
(Intruder Charm)[],Charm,N/A,Detects intruders and sounds an alarm.,"Horace Slughorn used it on a Muggle-owned house he stayed in temporarily in 1996, but did not hear it go off when Albus Dumbledore and Harry Potter arrived, as he was in the bath."
Locomotor Wibbly (Jelly-Legs Curse)[],"Curse, Jinx",loh-koh-MOH-tor WIB-lee,Causes the victim's legs to collapse as if they were turned to jelly.,"One of the spells mentioned in Curses and Counter-Curses by Vindictus Viridian, used on Harry, practising for the Third Task of the Triwizard Tournament, by Hermione. Also, Draco Malfoy was hit with this jinx (along with another one) at the end of the term."
(Jelly-Brain Jinx)[],Jinx,N/A,Reduces the target's mental processes.,"During the September 1999 riot that took place during the Puddlemere United/Holyhead Harpies Quidditch game, a lot of Harpy supporters were using this jinx."
(Jelly-Fingers Curse)[],Curse,N/A,"Causes target's fingers to become wobbly, making it uneasy for the victim to grasp objects.","After a June 1999 Pride of Portree/Appleby Arrows Quidditch game, the losing Seeker accused his opposite number of putting this curse on him as they both closed in on the Snitch."
(Knee-reversal hex)[],Hex,N/A,Puts knees on backward.[16],N/A
(Knitting Charm)[],Charm,N/A,Knitting needles knit automatically.,N/A
Lacarnum Inflamari[],Charm,la-KAR-num in-flah-MAR-ee,Ignites cloaks.,
Langlock[],Jinx,LANG-lock,Sticks a victim's tongue to the roof of their mouth. Created by Severus Snape.,"Used by Harry on Peeves and twice on Argus Filch, to general applause."
Lapifors (Lapifors Spell)[],Transfiguration,LAP-ih-forz,Transforms the target into a rabbit.,Taught in third year Transfiguration class.
(Leek Jinx)[],Jinx,N/A,Makes leeks sprout out of the target's ears.,Used by a fighting Gryffindor fourth year and sixth year Slytherin before a Quidditch match in 1992.[55]
Legilimens (Legilimency Spell)[],Charm,Le-JIL-ih-mens,"Allows the caster to delve into the mind of the victim, allowing the caster to see the memories, thoughts, and emotions of the victim.",Used by Severus Snape on Harry after he had a dream about Arthur Weasley being attacked by Nagini in 1995. Also during Occlumency lessons in 1996. Also used non-verbally by Snape on Harry in 1997 to allow him to see where Harry had learned the Sectumsempra spell.
Levicorpus[],Jinx,leh-vee-COR-pus,Hoists people up into the air by their ankle.[56] Created by Severus Snape.[5],"Apparently invented by the Half-Blood Prince; it is a non-verbal-only spell (although it is whispered by Hermione in 1997). Harry Potter learnt it by reading the notes written by the Half-Blood Prince. He used it on Ron. The previous year, Harry had seen (through the Pensieve used by Severus Snape) his father, James Potter, use the spell against Professor Snape."
Levioso[],Charm,leh-vee-OH-so,Makes objects levitate.,N/A
Liberacorpus[],Counter-Jinx,LIB-er-ah-cor-pus,The counter-jinx to Levicorpus.[56],Harry used the spell in 1996 to counteract Levicorpus he had inadvertently cast on Ron.[56]
Locomotor (Locomotion Charm)[],Charm,loh-kuh-MOH-tor,"Allows a witch or wizard to levitate a target a few inches off of the ground and then move said object in any given direction. Similarly to the Summoning Charm, a specific object can be moved by calling the object aloud after saying the incantation.","Used by Nymphadora Tonks in Harry Potter to move Harry's trunk from his room. Filius Flitwick similarly used it to move Sybill Trelawney's trunk after Dolores Umbridge sacked her. Parvati Patil and Lavender Brown used this spell to race their pencil cases around the edges of the table. A variation seen in 1998 is Piertotum Locomotor, which caused the statues of Hogwarts to be animated."
Locomotor Mortis (Leg-Locker Curse)[],Curse,LOH-koh-moh-tor MOR-tis,Sticks legs together.,"Used by Draco Malfoy on Neville Longbottom in 1991.[57] Used by Harry Potter on Draco Malfoy, who deflected it, in 1996.[58]"
Lumos (Wand-Lighting Charm)[],Charm,LOO-mos,"Illuminates the tip of the caster's wand, allowing the caster to see in the dark.",Used by Albus Dumbledore to illuminate the dark cave in 1997.
Lumos Duo[],Charm,LOO-mos DOO-oh,Creates a focused beam of light from the end of the wand. It is a variant of the Wand-Lighting Charm.,N/A
Lumos Maxima[],Charm,LOO-mos Ma-cks-ima,Produces a blinding flash of bright white light from the tip of the wand. It is a variant of the Wand-Lighting Charm.,"First practised by Harry in the home of the Dursleys, then used by Dumbledore to light up the cave of the Horcrux."
Lumos Solem (Lumos Solem Spell)[],Charm,LOO-mos SO-lem,Produce a blinding flash of sunlight. It is a variant of the Wand-Lighting Charm.,Used by Hermione to free Ron from the Devil's Snare. The incantation was only used in the film adaptation of Harry Potter and the Philosopher's Stone.
Magicus Extremos[],Charm,N/A,Partnership-based charm that temporarily increases the casters' spell power.,N/A
Melofors (Melofors Jinx)[],Jinx,N/A,Encases the victim's head in a pumpkin.[10],Cornelius Fudge was rumoured to have been a victim of this jinx after having been overpowered by Albus Dumbledore in a duel in 1996.[59]
Meteolojinx recanto[],Counter-Charm,mee-tee-OH-loh-jinks reh-CAN-toh.,Causes weather effects caused by jinxes to cease.,"Suggested in 1997 by Arthur Weasley to Ron (disguised as Reginald Cattermole by use of Polyjuice Potion) as the best way to clear up the rain jinx on a Ministry office. Also used by Bartemius Crouch Jnr (Disguised as Alastor Moody) In 1994 to cease the weather effect of the Great Hall's Ceiling insisting it is broken as he told Dumbledore to ""Fix his ceiling""."
Mimblewimble (Tongue-Tying Curse)[],Curse,MIM-bull-wim-bull,"Ties the target's tongue in a knot, preventing them from making coherent speech, or saying incantations correctly, making it useful in duels.","Seen in 1997 as a deterrent to Severus Snape, or any other unwanted visitor of 12 Grimmauld Place, from betraying their location to anyone else."
(Ministry of Magic Fog)[],Charm,N/A,Patented charm used by the Ministry for Magic to conceal certain areas from Muggle view.,"Seen in 1997 as a deterrent to Severus Snape, or any other unwanted visitor of 12 Grimmauld Place, from betraying their location to anyone else."
Mobiliarbus[],Charm,mo-bil-lee-AR-bus,Levitates wooden objects a few inches off of the ground and moves them in any given direction.,"In 1993, Hermione Granger used the spell to move a Christmas Tree in The Three Broomsticks beside her table to hide Harry Potter, who was in Hogsmeade illegally."
Mobilicorpus[],Charm,moh-bil-lee-COR-pus,Levitates and moves bodies.,Sirius Black used it on Severus Snape in 1994. It was probably used on Peter Pettigrew by Lord Voldemort in the graveyard to make him come forward.
Molliare (Cushioning Charm)[],Charm,mull-ee-AR-ay,"Produces an invisible cushion over the target, is used primarily in the manufacturing of broomsticks.","Used by Hermione Granger to cushion her, Harry, and Ron's fall in Gringotts Wizard Bank in 1998."
Morsmordre[],Dark charm,morz-MOR-druh,"Conjures the Dark Mark, which is the sign of the Death Eaters.[29]",Used by Bartemius Crouch Junior in 1994.[29] Also seen in 1997 over Hogwarts castle to lure Albus Dumbledore to his death.[60] It was apparently invented by Lord Voldemort.
Mucus ad Nauseam (Curse of the Bogies)[],Curse,MYOO-kus ahd NAW-zee-um,Gives the victim a nasty cold and an extremely runny nose that can cause the victim to collapse if it is not treated. The cold is accompanied with constant sneezing.,Mentioned by Professor Quirrell to his first-year class.[7]
Muffliato (Muffliato Charm)[],Charm,muf-lee-AH-to,Prevents others from hearing nearby conversations by filling peoples' ears with an unidentifiable buzzing.,"It was used in 1996 by Harry Potter and Ron Weasley on various teachers and people such as Madam Pomfrey. It was created by Severus Snape. As pointed out by Hermione, it is probably not Ministry of Magic approved. It was also used in 1997 by Hermione Granger in protection of the camp-site where Harry and she stayed in hiding."
Multicorfors (Multicorfors Spell)[],Transfiguration,mull-tee-COR-fors,Multicorfors is a charm used to change the colour and style of one's clothing.[10],N/A
Mutatio Skullus[],Dark charm,myoo-TAY-toh SKULL-us,"Mutates the victim's head, causing them to grows extra heads.","Used by Ancient Egyptian wizards, as noted by Ron Weasley in 1993."
Nox (Wand-Extinguishing Charm)[],Charm,NOCKSS,"Extinguishes wandlight. It the counter-charm for the Wand-Lighting Charm, Lumos.","In  1994, Harry Potter and Hermione Granger used this spell to turn off their wand-lights in the Shrieking Shack.  Used in 1998 when Harry was in the passage beneath the Whomping Willow which leads to the Shrieking Shack. Lumos's power can be arranged so that a powerful wizard can make the charm illuminate intensely or to the wizards liking by loudness of incantation. For example ""LUMOS!!!"" would be powerful and ""lumos"" would be weaker. Also used by Harry Potter in 1998 to turn off the light so he could hide the Marauder's Map from Severus Snape."
Nebulus[],Charm,NEH-bu-lus,Creates fog from the tip of the wand.,"In 1927, Albus Dumbledore used this spell to conjure a fog in London to provide concealment for his meeting with Newton Scamander."
Oculus Reparo[],Charm,N/A,Mends eyeglasses.,Used by Hermione in 1991 and 1992 to fix Harry's glasses.
(Obliteration Charm)[],Charm,N/A,Removes footprints.,"Used by Hermione in 1995 to remove the footprints that she, Harry, and Ron left in the snow while walking to Hagrid's Hut. Also used in 1997 by Hermione to remove the footprints she and Harry left behind them in the snow as they journeyed through Godric's Hollow."
Obliviate (Memory Charm)[],Charm,oh-BLI-vee-ate,Erases specific memories.,"First seen in 1993 when used by Gilderoy Lockhart on Harry and Ron; the spell backfired due to a faulty wand, costing Lockhart most of his own memory. Also, Hermione Granger used this spell to wipe her parents memories in 1997. Again, it was used in 1997 when Hermione Granger used the spell on 2 Death Eaters who had followed Harry, Ron, and Hermione after their escape from Bill Weasley's and Fleur Delacour's wedding."
Obscuro[],Conjuration,ob-SKYUR-oh,Blindfolds the target.,Used by Hermione Granger in 1997 to obstruct the portrait of Phineas Nigellus's view of their location.
Oppugno (Oppugno Jinx)[],Jinx,oh-PUG-noh,Causes targeted objects to attack a victim. It is particularly effective in conjunction with the Bird-Conjuring Charm.,Used by Hermione Granger in 1996 to attack Ron Weasley with a summoned flock of canaries during an argument.
Orbis[],Jinx,OR-biss,Sucks the target into the ground.,N/A
Orchideous[],Conjuration,or-KID-ee-us,Conjures a bouquet of flowers.,Used in 1994 by Mr Ollivander to test Fleur Delacour's wand. Probably used non-verbally by Tom Riddle to present flowers to Mrs Smith.
Oscausi[],Dark charm,os-SCOW-zee,"Seal someone's mouth shut, making it appear it was never there.","Used by Leta Lestrange on a girl from Gryffindor when they were both in their third year at Hogwarts. The Gryffindor girl was speaking ill of Lestrange behind her back until Lestrange emerged from hiding nearby, and muted the Gryffindor girl with this spell."
Pack[],Charm,N/A,Packs luggage.,"Used in 1994 by Remus Lupin in his office, and in 1995 by Nymphadora Tonks, once verbally and again non-verbally."
(Pain extraction spell)[],Unknown,N/A,"Invented by Isidora Morganach, this ancient magic spell could extract the feeling of pain from an individual.",Used by Isidora Morganach throughout the 15thâ€“16th century.
Papyrus Reparo[],Charm,N/A,Mends torn pieces of paper.,This spell was used by Newton Scamander in 1927 to restore a torn postcard from Porpentina Goldstein addressed to Queenie Goldstein.
(Patented Daydream Charm)[],Charm,N/A,Gives the spell caster a highly-realistic 30-minute daydream. Side effects include mild drooling and a vacant expression.,"These were invented by Fred and George Weasley and sold in 1996 at their joke shop, presumably in the form of some kind of physical object, similar to Skiving Snackboxes."
Partis Temporus[],Charm,PAR-tis temp-OAR-us,Creates a temporary gap in the target.,Used by Albus Dumbledore in the Crystal Cave in 1997. He uses it so that he and Harry can pass through the ring of fire used to ward off the Inferi.
(Pepper Breath)[],Hex,N/A,Gives the victim fiery hot breath.,Harry Potter learned of this hex from Basic Hexes for the Busy and Vexed while researching spells to use during the Triwizard Tournament and decided not to use it against the dragon he would face in the First Task.
Periculum[],Charm,pur-ICK-you-lum,Produces a burst of red sparks.,
(Permanent Sticking Charm)[],Charm,N/A,Sticks objects permanently in place.,"First mentioned in 1995, when Sirius Black suspected that his mother's painting was fixed to the wall with such a Charm. It is implied that the portrait in the Muggle Prime Minister's office also has such a charm on it."
Peskipiksi Pesternomi[],Charm,PES-key PIX-ee PES-ter NO-mee,"The one time it was used, it had absolutely no effect.[51]",Used by Lockhart to attempt to remove Cornish Pixies.[51]
Petrificus Totalus (Full Body-Bind Curse)[],Curse,pe-TRI-fi-cus to-TAH-lus,Used to temporarily bind the victim's body in a position much like that of a soldier at attention; the victim will usually fall to the ground.[21],"Used in 1991 by Hermione, who was trying to prevent Neville from stopping her, Ron, and Harry from leaving the common room to hunt for the Philosopher's Stone,[21]  in the Hall of Prophecy during the Battle of the Department of Mysteries to petrify Antonin Dolohov who was pursuing him and his friends, and used on Harry by Draco Malfoy in the Hogwarts Express in 1996.[17]"
Piertotum Locomotor (Animation Charm)[],Charm,peer-TOH-tuhm loh-kuh-MOH-tor,Brings animates inanimate targets.[61],"In the Battle of Hogwarts, Professor McGonagall used this spell to animate the suits of armour and statues within Hogwarts, to defend the castle.[61] Also used by Albus Dumbledore to enchant the statues on the fountain in the entrance to the Ministry of Magic Department.[6]"
Piscifors[],Transfiguration,PIS-ee-fors,Transforms things into fish.,N/A
(Placement Charm)[],Charm,N/A,Magically places an object in or on a specific location. Placement Charms can be used to place a bridle on a kelpie to render it harmless and docile.,N/A
Point Me (Four-Point Spell)[],Charm,N/A,Makes the caster's wand point due north.,"Hermione Granger taught it to Harry Potter, who used it during the Triwizard Tournament, particularly to navigate the hedge maze during the Third Task."
Portus[],Charm,POR-tus,Turns an object into a portkey.,Used by Albus Dumbledore in 1996.
Prior Incantato (Reverse Spell)[],Charm,pri-OR in-can-TAH-toh,"Forces a wand to show an ""echo"" of the last spell it performed.","Used by Amos Diggory in 1994 to discover the last spell cast by Harry's wand after it was found in the hands of Winky, a house-elf."
(Proficiency Charm)[],Charm,N/A,Boosts an individual's performance with certain talents.,N/A
(Protean Charm)[],Charm,N/A,Causes copies of an object to be remotely affected by changes made to the original.,"First used in 1995. Hermione Granger put the charm on a number of fake Galleons. Instead of the serial number around the edge of the coin, the time and date of the next meeting of Dumbledore's Army appeared. It is possible that this charm is used on the Death Eaters' Dark Marks."
(Protection Charm)[],Charm,N/A,Enhanced an individual's defence.,N/A
Protego (Shield Charm)[],Charm,pro-TAY-goh,Invisible shield that reflects spells and blocks physical entities.,"First seen in 1995, in which Harry is taught this spell by Hermione in preparation for the third task in the Triwizard Tournament. Albus Dumbledore uses a similar spell which reverses the construction of glass back into sand when Voldemort sent shards of glass to try to stab Dumbledore. Fred and George Weasley enchanted hats they dubbed ""shield hats"" with this spell in 1997."
Protego Diabolica[],Dark Arts,pro-TAY-goh dia-BOHL-i-cub,Conjures a protective ring of black fire around the caster that only affects their enemies.,N/A
Protego horribilis[],Charm,pro-TAY-goh horr-uh-BIHL-ihs,A powerful shield charm against dark magic.,Cast by Professor Flitwick in an attempt to strengthen the castle's defences in the Battle of Hogwarts.
Protego Maxima[],Charm,pro-TAY-goh MAX-ee-Ma,"A powerful shield charm against dark magic. A stronger and bigger version of Protego, especially when combined with other wizards casting it at the same time. Was so powerful that it could also disintegrate people that came too close and tried to enter it.","Cast by Professor Flitwick, Professor McGonagall, Professor Slughorn and Mrs Weasley in an attempt to strengthen the castle's defences in the Battle of Hogwarts."
Protego totalum[],Charm,pro-TAY-goh toh-TAH-lum,Protects an area for an extended period of time.,"In 1997, this was one of the spells used by Hermione Granger and Harry Potter to protect their camp site from unwanted visitors."
Pullus[],"Jinx, Transfiguration",N/A,Transforms things into chickens.,N/A
(Purple Firecrackers)[],Charm,N/A,Causes purple firecrackers to shoot out from the tip of one's wand.,"On 31 October 1991, Albus Dumbledore used this spell to get the attention of panicking diners in the Great Hall when a troll was loose in the castle."
(Pus Squirting Hex)[],Hex,N/A,Causes yellowish goo to squirt from one's nose.,Morfin Gaunt used this spell on Bob Ogden.
Quietus (Quietening Charm)[],Charm,KWIY-uh-tus,Makes a target sound quieter. It is the counter-charm to the Amplifying Charm.,Used in 1994 by Ludo Bagman.
Redactum Skullus (Head Shrink Spell)[],Dark charm,reh-DAK-tum SKULL-us,Shrinks the head of the target. It is the counter-spell to Engorgio Skullus.,N/A
Reducio (Shrinking Charm)[],Charm,re-DOO-see-oh,Makes an object shrink in size. Its counter-charm is the Engorgement Charm.,"In 1997, Harry Potter, after checking his Blackthorn wand on the Bluebell Flames with Engorgio, casts this spell to shorten the formerly enlarged flames."
Reducto (Reductor Curse)[],Curse,re-DUK-toh,"Breaks objects. In stronger usages, disintegrates them.","In 1995, Harry used it on one of the hedges of the Triwizard maze and ends up burning a small hole in it; in 1995, Gryffindors in Harry Potter's year referenced Parvati Patil as being able to reduce a table full of Dark Detectors to ashes, and Harry and his friends later used the spell in the Department of Mysteries against the Death Eaters, shattering many Prophecy Orbs in the process; in 1997, a member of the Order of the Phoenix attempted to use this spell to break down a door which Death Eaters had blocked when the Death Eaters had cornered Dumbledore in the Lightning Struck Tower."
(Refilling Charm)[],Charm,N/A,Refills whatever the caster points at with the drink originally in the container.,"Used in 1996, when Harry noticed that Hagrid and Slughorn were running out of wine."
Reparifors[],Healing Spell,re-PAR-i-fors,"Reverts minor magically-induced ailments, such as paralysis and poisoning.",N/A
Reverte[],Charm,ree-VUHR-tay,Returns objects to their original positions or states.,"In 1927, Leta Lestrange used this spell on the record towers in the French Ministry of Magic Records Room at the French Ministry of Magic Headquarters, in an attempt to flee from pursuing Matagots. This sent all the record towers - previously summoned by Lestrange - flying backwards and spinning back into their original positions in the ground."
Relashio (Revulsion Jinx)[],Jinx,ruh-LASH-ee-oh,Forces the target to release its grip on whatever it is holding.,"Used by Harry Potter against Grindylows in the second task of the Triwizard Tournament. Also used in 1997 and 1998, when Hermione used this spell to free Mary Cattermole from the chained chair and to free the Ukrainian Ironbelly on which they were to get out from Gringotts."
Rennervate (Reviving Spell)[],Charm,RENN-a-vate,Awakens an unconscious victim. It is consequently the counter-charm to the Stunning Spell.,"In 1994, Amos Diggory used it to wake up Winky and Albus Dumbledore used it to wake up Viktor Krum. Harry Potter later used it to try and reawaken a cursed Dumbledore in the seaside cave."
Reparifarge[],Untransfiguration,reh-PAR-i-farj,Used to reverse incomplete transformations.,Found in A Beginner's Guide to Transfiguration.
Reparo (Mending Charm)[],Charm,reh-PAH-roh,Seamlessly repairs broken objects.,Used by Albus Dumbledore and Horace Slughorn to repair damage the latter had done to a Muggle home in Budleigh Babberton where he had been hiding. It was also used by Harry Potter to repair his wand with the Elder Wand
Repello Muggletum (Muggle-Repelling Charm)[],Charm,ruh-PEL-oh MUH-guhl-tuhm,Keeps Muggles away from wizarding places by causing them to remember important meetings they missed and to cause the Muggles in question to forget what they were doing.,"It was used to keep Muggles away from the Quidditch World Cup. Hogwarts was also said to be guarded by the Muggle-Repelling Charm. It was also used by Harry and Hermione on numerous occasions, among many other spells, to protect and hide their camp site in 1997."
Repello Inimicum[],Charm,re-PEH-lloh ee-nee-MEE-cum,Disintegrates the persons entering this charm.,This spell was used by professors Filius Flitwick and Horace Slughorn along with Order of the Phoenix member Molly Weasley to protect Hogwarts Castle in 1998.
Revelio (Revelio Charm)[],Charm,reh-VEL-ee-oh,Reveals secrets about a person or object.,N/A
Reversis[],N/A,N/A,Unknown effect.,N/A
Rictusempra (Tickling Charm)[],Charm,ric-tuhs-SEM-pra,Tickles the target until they become weak with laughter.[40],"By Harry Potter on Draco Malfoy in 1992, when they fought in the Duelling Club.[40]"
Riddikulus (Boggart Banishing Spell)[],Charm,rih-dih-KUL-lus,"A spell used when fighting a Boggart, ""Riddikulus"" forces the Boggart to take the appearance of an object the caster is focusing on. Best results can be achieved if the caster is focusing on something humorous, with the desire that laughter will weaken the Boggart.[63]","Taught by Remus Lupin during third year Defence Against the Dark Arts, where his students had the opportunity to practise the spell on an actual Boggart.[63]"
(Rose Growth)[],Transfiguration,N/A,Causes rosebushes grow at an unusually fast pace.,N/A
(Rowboat spell)[],Charm,N/A,Makes boats row themselves.,N/A
Salvio hexia[],Charm,SAL-vee-oh HECKS-ee-ah,Protects against hexes.,Harry and Hermione cast this spell to strengthen their camp-site's defences against intruders in 1997.
(Sardine Hex)[],Dark charm,N/A,Makes the victim sneeze out sardines.,Rubeus Hagrid once had this spell used on him.
(Sauce-making spell)[],Conjuration,N/A,Conjures a creamy sauce from the tip of the wand.,"Molly Weasley used this spell in August of 1994 to pour some sauce in a pot to make dinner for her family, Harry Potter and Hermione Granger."
Scourgify (Scouring Charm)[],Charm,SKUR-ji-fy,Cleans objects,"First used by Nymphadora Tonks to clean Hedwig's cage in 1995. Later, Ginny Weasley performed the spell to clean up the Stinksap on the Hogwarts Express, also used by James Potter on Severus Snape after he shouted various curses and obscenities at him."
(Sealant Charm)[],Charm,N/A,Magically seals envelopes.,All applicants for wand permits in the United States were required by the Magical Congress of the United States of America to close the envelope in which they sent their applications back to the Wand Permit Office with this spell.
(Sea urchin jinx)[],Jinx,N/A,This spell begins to transform the victim into a sea urchin.,"This spell was used on 2 May, 1998, during the Battle of Hogwarts, by Percy Weasley on an Imperiused Pius Thicknesse.[31]"
Sectumsempra[],Curse,sec-tum-SEMP-rah,"Lacerates the target, as if they have been ""slashed by a sword."" Subsequently, the target can easily bleed to death from the wounds.[58] This curse was invented by Severus Snape, to be used against his personal enemies.[5]","Used by Harry in 1997 against Draco Malfoy,[58] and then later against both the Inferi in Lord Voldemort's Horcrux cave,[4] and Snape used it against George Weasley (was unintentional; aimed for a Death Eater that tried to curse Lupin) in the Order's flight from Privet Drive. Harry learned it in Snape's old Potions textbook. In 1998, the spell is said to be Severus Snape's ""signature"" spell."
(Shield penetration spell)[],Spell,unknown,Annihilates magical enchantments and shields.,"Used by Voldemort to break the enchantments placed around Hogwarts School of Witchcraft and Wizardry in 1998 by Filius Flitwick, Minerva McGonagall, and Molly Weasley."
(Shooting Spell)[],Spell,N/A,Used to shoot objects,This spell was used by Harry Potter and Ronald Weasley in 1997 on their Horcrux hunt in an attempt to catch a rabbit for food.
(Smashing spell)[],Spell,N/A,Produces explosions,N/A
Serpensortia (Snake Summons Spell)[],Conjuration,"ser-pen-SOR-shah, SER-pehn-SOR-tee-ah",Conjures a serpent from the caster's wand.,Used by Draco Malfoy while duelling Harry Potter in 1992.
Silencio (Silencing Charm)[],Charm,sih-LEN-see-oh,Makes something silent.,"First used by Hermione in 1996 to silence a frog and a raven in Charms class, then later used to silence a Death Eater that was trying to tell his comrades where they were."
Skurge (Skurge Charm)[],Charm,SKURJ,Cleans up ectoplasm and frightens ghosts and other spirits.,Taught in second year Charms class.
(Slippery Jinx)[],Jinx,N/A,Makes an object slippery and difficult to hold.,
Slugulus Eructo (Slug-vomiting Charm)[],Curse,N/A,Forces the victim to burp up slimy slugs.,"In 1992, Ronald Weasley attempted to curse Draco Malfoy with this spell after the latter insulted Hermione Granger, but was unsuccessful as his wand at the time was broken, and thus his curse backfired on himself.[64]"
(Sonorous Charm)[],Charm,N/A,"This charm emits a magnified roar from the tip of the wand. This noise disrupts all in its path, and can even be used to harm opponents.",N/A
Sonorus (Amplifying Charm)[],Charm,soh-NOHR-uhs,"Makes the target sound louder. The counter-charm is the Quietening Charm, Quietus.",By Ludo Bagman in 1994 at the beginning of the Quidditch World Cup and by Albus Dumbledore several times in the Triwizard Championship. Used by Lord Voldemort several times during the Battle of Hogwarts in 1998.
Specialis Revelio[],Charm,spe-see-AL-is reh-VEL-ee-oh,Reveals spells cast on objects or potions.,Used by Hermione Granger to find out more of Harry's Advanced Potion-Making book in 1996. Used by Ernie Macmillan to find out ingredients of a potion.
(Sponge-Knees Curse)[],Curse,N/A,"Makes the target's legs spongy, making it difficult for them to walk.",Used during the September 1999 riot that took place at a Puddlemere vs. Holyhead Harpies match. The Puddlemere supporters used this curse against the Holyhead Harpies supporters in retaliation to the Jelly-Brain Jinx.
Spongify (Softening Charm)[],Charm,SPUN-ji-fye,"Softens objects, making them rubbery and bouncy.","This charm is found in The Standard Book of Spells, Grade 1."
(Squiggle Quill)[],Transfiguration,N/A,Transforms writing quills into worms.,N/A
(Stamina Charm)[],Charm,N/A,Increases stamina.,N/A
(Stealth Sensoring Spell)[],Charm,N/A,Detects those under magical disguise.,"In 1996, Professor Umbridge cast this around her office."
Sternius[],Dark charm,"STEH-lee-us, or perhaps STEH-nee-us",A spell that causes the victim to sneeze for a short period of time. This spell is used in duelling to distract the opponent.,N/A
(Stinging Jinx)[],"Jinx, Hex",N/A,Stings the flesh of a target. This spell is also known as,"Harry Potter inadvertently used one on Severus Snape during Occlumency lessons in 1996. It was non-debilitating in that instance, but it is stronger when intentionally cast, as shown by the results of Hermione Granger's Stinging Hex used on Harry Potter in 1998 to purposefully distort Harry's appearance."
(Stretching Jinx)[],Jinx,N/A,Stretches the target.,"Molly Weasley remarked in 1996 that recent growth spurts had made her son Ron and his friend, Harry Potter, look as if this jinx had been cast upon them both."
Stupefy (Stunning Spell)[],Charm,STOO-puh-fye,"Stuns the target, rendering them unconscious.",Often; particularly by a number of wizards and witches (including Dolores Umbridge) against Minerva McGonagall in 1996. It's also taught by Harry in his D.A. meetings.
(Supersensory Charm)[],Charm,N/A,"Grants the caster to have enhanced senses, or to be able to sense things they would not normally sense.",Mentioned by Ron outside of the Hogwarts Express in 2017 as a potential substitute for using mirrors while driving a Muggle auto mobile.
Surgito (Disenchantment Charm)[],Counter-charm,SUR-jee-toh,Counter-charm that can be used to remove enchantments.,"In 1927, Newton Scamander used Surgito to lift an enchantment that was placed on Jacob Kowalski. As a result of the spell, Kowalski awoke from the dreamlike enchanted state, and regained an awareness of reality in the present."
(Switching Spell)[],Transfiguration,N/A,Switches two targets simultaneously.,"Harry contemplated using this spell against his dragon in the first task of the Triwizard Tournament. He considered swapping its fangs for wine gums. Neville Longbottom misuses the spell, transplanting his ears onto a cactus."
(Taboo)[],Jinx,N/A,"A jinx which may be placed upon a word or a name, so that whenever that word is spoken, a magical disturbance is created which alerts the caster of the Taboo to the location of the speaker. Any protective enchantments in effect around the speaker are broken when the Tabooed word is spoken aloud.[65]","This jinx was placed on the word ""Voldemort""; Harry, Ron and Hermione are tracked this way to Tottenham Court Road. Ron tells the other two to stop using the word as he began to fear the name might be a curse, later discovering it to be a Taboo. Later, Harry accidentally says Voldemort's name again, resulting in the trio being caught by Death Eaters and taken to Malfoy Manor."
(Tail-growing spell)[],Hex,N/A,Causes the victim to grow a tail.,"When Miranda Goshawk had her Book of Spells printed, she gave copies to her sisters that had various misprints in them; one such misprint somehow gave her sister Romilda a tail.[16] Timothy Blenkinsop was hit with this hex when he was caught in the crossfire of a Puddlemere United vs. Holyhead Harpies riot."
Tarantallegra (Dancing Feet Spell)[],Charm,ta-RON-ta-LEG-gra,"Makes a target's legs spasm wildly out of control, making it appear as though they are dancing.[40]",First used by Draco Malfoy on Harry Potter in the Duelling Club in 1992.[40]
(Teacup to tortoise)[],Transfiguration,N/A,Transforms a teacup into a tortoise.,Seen on the Scholastic Harry Potter Official Site.
(Teapot to tortoise)[],Transfiguration,N/A,Transforms a teapot into a tortoise.,Third years at Hogwarts School of Witchcraft and Wizardry were required to cast the spell during their final exams.
(Teeth-straightening spell)[],Charm,N/A,Straightens crooked teeth.,"Sir Nicholas de Mimsy-Porpington attempted to use this spell on Lady Grieve at her request, but failed and gave her a tusk instead. He was executed the following morning. After he returned as a ghost, Nearly-Headless Nick recounted the incident in a ballad."
(Teleportation Spell)[],Spell,N/A,Vanishes objects which then appear elsewhere.,"In 1996, Albus Dumbledore  used this to transport Harry Potter's school supplies, clothes, and owl to The Burrow."
Tentaclifors[],"Transfiguration, Jinx",N/A,Transfigures the target's head into a tentacle.,N/A
Tergeo (Wiping Spell)[],Charm,TUR-jee-oh,Siphons liquid and cleans objects.,Hermione Granger used the spell in 1996 to remove blood from Harry's face. It is later used to remove spilled ink from parchment. It was also used in 1997 to clean off a handkerchief by Ron and to dust off a picture of Gellert Grindelwald in Bathilda Bagshot's house by Harry Potter.
Titillando (Tickling Hex)[],Hex,ti-tee-LAN-do,Tickles and weakens the victim.,N/A
(Toenail-growing hex)[],Hex,N/A,Causes the toenails to grow at an extreme and uncontrollable rate.,"In 1996, Harry used this to much applause from classmates, on Vincent Crabbe.[56]"
(Transmogrifian Torture)[],Curse,N/A,Possibly tortures the victim to death.,"Gilderoy Lockhart suggested that it was this curse that ""killed"" Mrs Norris after she was really found petrified on a torch bracket.[66]"
Tribuomnus (Inn Charm)[],Charm,N/A,Causes the quality of food within a location to be improved.,N/A
(Trip Jinx)[],Jinx,N/A,Forces the target to trip and fall over.,"Seen in 1996. It was cast successfully on Harry Potter by Draco Malfoy, when he and other members of the Inquisitorial Squad attempted to round up members of Dumbledore's Army."
(Twitchy-Ears Hex)[],Hex,N/A,Causes the victim's ears to twitch.,Miranda Goshawk recommended this hex to be cast on somebody practising the Shield Charm.
(Unbreakable Charm)[],Charm,N/A,Makes objects unbreakable.,"Hermione Granger used the charm on a jar, in which she put Rita Skeeter in her Animagus beetle form to prevent her from transforming back into a human."
(Unbreakable Vow)[],Spell,N/A,"Causes a vow taken by a witch or wizard to be inviolable; if they should break it, the consequence is death.","Snape made an Unbreakable Vow with Narcissa Malfoy at the beginning of Half-Blood Prince, vowing to help Narcissa's son Draco with a task given to him by Voldemort, and to finish the task should Draco prove incapable. Fred and George attempted to force an Unbreakable Vow upon Ron as children. According to Ron, it causes death when the vow is broken."
(Unsupported flight)[],Spell,N/A,Allows a witch or wizard to fly through the air unaided. Technique invented by Lord Voldemort,"Demonstrated by Tom Riddle during the Battle of the Seven Potters, and by Severus Snape before his ousting."
(Vacuum cleaner spell)[],Charm,N/A,Cleans objects by using the wand to suck up dust like a vacuum cleaner.,Used by Madam Malkin in 1996.
Ventus (Windy Spell)[],Charm,VEN-tuss,Shoots a jet of strong spiralling wind from the tip of the wand.,"Used by Newton Scamander to send away Stebbins on a London street, much to the bemusement of passing Muggles."
Ventus Duo[],Jinx,N/A,A stronger version of the Windy Spell,In Harry Potter and the Order of the Phoenix (video game)
Vera Verto[],Transfiguration,vair-uh-VAIR-toh,Turn animals to water goblets.,Taught by Minerva McGonagall in her Transfiguration class. Also used by Ronald Weasley unsuccessfully in one of his second year classes thanks to his damaged wand.
Verdillious[],Charm,ver-DILL-ee-us,A spell used to shoot green sparks from the end of the wand.,N/A
Verdimillious (Verdimillious Charm)[],Charm,vur-duh-MILL-ee-us,"Produces a jet of green sparks that can be used in duelling, or to reveal things hidden by dark magic.",Taught in first year Defence Against the Dark Arts teacher's office class.
Verdimillious Duo[],Charm,VERD-dee-MILL-lee-us,A more powerful version of Verdimillious.,Learned in first year Defence Against the Dark Arts.
Vermiculus[],"Transfiguration, Jinx",vur-MICK-yoo-luhs,Transforms things into worms.,
Vermillious (Red Sparks)[],Charm,vur-MILL-ee-us,Jet of red sparks that can be used to signal an emergency or as a minor duelling spell.,N/A
Versis[],N/A,N/A,Unknown effect.,N/A
(Victor Rookwood's curse)[],Curse,N/A,Causes the victim considerable pain and illness which lasts for many years.,Victor Rookwood used this curse on Anne Sallow in the 1880s.
Vipera Evanesca (Snake-Vanishing Spell)[],Vanishment,vee-PAIR-uh eh-vuh-NES-kuh,"Vanishes snakes. Subsequently, it is the counter-spell for the Snake Summons Spell.",Severus Snape cast this spell in 1992 at the Duelling Club to vanish a snake that Draco Malfoy had conjured while duelling Harry Potter.[40] Albus Dumbledore also used this spell to vanish Voldemort's snake during their Duel in the Ministry Atrium.[6]
Vulnera Sanentur[],Healing Spell,VUL-ner-ah sah-NEN-tour,"Healing spell that slows blood flow, clears residue, and knits wounds. It is the counter-curse to Sectumsempra.[58]",Used by Severus Snape to heal the wounds of Draco Malfoy caused by the Sectumsempra curse cast by Harry Potter in 1997.[58]
Waddiwasi[],Charm,wah-deh-WAH-see,"Used to shoot small, soft masses of whatever the caster so desires at the target[63]","Cast by Remus Lupin in 1993, on Peeves the Poltergeist, sending a wad of chewing gum up his nose.[63]"
(Washing up spell)[],Charm,N/A,Enchanted dirty dishes to wash themselves.,"It was usednon-verbally by Molly Weasley after preparing breakfast for Harry Potter upon his arrival to The Burrow on 4 August, 1992."
(Weight-loss charms)[],Charm,N/A,Magicaly reduces a person's weight.,Mentioned by Violet Williams during a picnic shared by the teams that were competing at the Intercontinental Wizard's Cup.
Wingardium Leviosa (Levitation Charm)[],Charm,win-GAR-dee-um lev-ee-OH-sa,"Makes objects fly, or levitate.[69]","This spell is taught in early first-year charms classes; this came into good use later in that year, when Ron Weasley performed the spell to knock out a mountain troll;[69] six years later, Harry uses the charm to levitate the side-car of his godfather's flying motorbike; Ron used it again this year to make a twig poke a tree."
(White sparks)[],Charm,N/A,Jet of white sparks. It can be used offensively as a minor duelling spell.,"Following the American National Quidditch team's win at the semi-finals of the 2014 Quidditch World Cup against Liechtenstein, red, white and blue sparks filled the air so thickly it was difficult to see or breathe."
